time,posZ
-0.01,0.0
-0.00011812023597123321,-0.016404850205672027
0.009763759528057534,-0.024381638197425132
0.0196456392920863,-0.031470538613678684
0.029527519056115066,-0.0369558646671018
0.03940939882014383,-0.043934384461013776
0.0492912785841726,-0.05087769205988607
0.05917315834820137,-0.05771431599576599
0.06905503811223014,-0.06493979366143972
0.07893691787625891,-0.07745168597019142
0.08881879764028767,-0.09150350635217688
0.09870067740431644,-0.10320654046528187
0.10858255716834521,-0.1173857870455361
0.11846443693237398,-0.12037325660267649
0.12834631669640273,-0.12680769657901428
0.1382281964604315,-0.13033822079106927
0.14811007622446026,-0.13299725686922176
0.15799195598848903,-0.13844775633748818
0.1678738357525178,-0.14516406997934006
0.17775571551654656,-0.14241137966533957
0.18763759528057533,-0.133547396353072
0.1975194750446041,-0.12445695356401065
0.20740135480863287,-0.1190009216127596
0.21728323457266163,-0.1243071494467852
0.2271651143366904,-0.12264779212268549
0.23704699410071917,-0.12892569681295443
0.24692887386474793,-0.12569270708604677
0.2568107536287767,-0.12634122842376147
0.26669263339280547,-0.1326726381692148
0.27657451315683423,-0.12718269865930615
0.286456392920863,-0.11652209396211974
0.29633827268489177,-0.12157856882049338
0.30622015244892054,-0.12429949366383036
0.3161020322129493,-0.12841629433526314
0.32598391197697807,-0.13483427098208534
0.33586579174100684,-0.1361316859798336
0.3457476715050356,-0.1364672059519534
0.35562955126906437,-0.1362989291727925
0.36551143103309314,-0.13990248184324583
0.3753933107971219,-0.14460404873733396
0.38527519056115067,-0.1509683360443584
0.39515707032517944,-0.15929805230566113
0.4050389500892082,-0.16407882772231286
0.41492082985323697,-0.17366352985825897
0.42480270961726574,-0.18238752916935136
0.4346845893812945,-0.19204306510825078
0.4445664691453233,-0.2034427925590502
0.45444834890935204,-0.21511214285627836
0.4643302286733808,-0.2277566741811081
0.4742121084374096,-0.23881952230545267
0.48409398820143834,-0.2533435908192613
0.4939758679654671,-0.2620105517554382
0.5038577477294959,-0.2685754899335325
0.5137396274935246,-0.27467117141215797
0.5236215072575534,-0.28299435916250776
0.5335033870215822,-0.298377556645304
0.5433852667856109,-0.31689966779773254
0.5532671465496397,-0.3292968045751049
0.5631490263136685,-0.33383040240564715
0.5730309060776972,-0.3362220269838416
0.582912785841726,-0.3399122659196382
0.5927946656057548,-0.3308985396994432
0.6026765453697835,-0.3241754637573822
0.6125584251338123,-0.32173433309137833
0.6224403048978411,-0.31848303589994764
0.6323221846618698,-0.3261988480853369
0.6422040644258986,-0.3330970345391958
0.6520859441899274,-0.33801106260643915
0.6619678239539561,-0.350044404935312
0.6718497037179849,-0.35234859554193965
0.6817315834820137,-0.3461599191091975
0.6916134632460424,-0.33634928706744627
0.7014953430100712,-0.3351946297240882
0.7113772227741,-0.3303046445994256
0.7212591025381287,-0.32537865857917625
0.7311409823021575,-0.3215071689406615
0.7410228620661863,-0.318327728954316
0.750904741830215,-0.31129746785188794
0.7607866215942438,-0.30247030210646636
0.7706685013582726,-0.3032156129269957
0.7805503811223014,-0.30252509440628267
0.7904322608863301,-0.3192414107729767
0.8003141406503589,-0.32399558475591267
0.8101960204143877,-0.32656164450595837
0.8200779001784164,-0.3346856992822473
0.8299597799424452,-0.33571865063362616
0.839841659706474,-0.33576059727382784
0.8497235394705027,-0.32681608923994454
0.8596054192345315,-0.3184119638929194
0.8694872989985603,-0.3096457560370813
0.879369178762589,-0.3026352299297504
0.8892510585266178,-0.29632988671064187
0.8991329382906466,-0.29346927180078186
0.9090148180546753,-0.283978380709223
0.9188966978187041,-0.2775884509844359
0.9287785775827329,-0.25681808628307035
0.9386604573467616,-0.23507162100209852
0.948542337110948,-0.21503618459563184
0.9584242168751989,-0.1964434429555439
0.9683060966394497,-0.18581851177408698
0.9781879764037005,-0.17533452431602276
0.9880698561679513,-0.16560399457311706
0.9979517359322021,-0.1554703745791235
1.007833615696453,-0.14790689429544535
1.0177154954607037,-0.15265598430114663
1.0275973752249545,-0.16686923882761864
1.0374792549892053,-0.16397453457378475
1.0473611347534562,-0.1681506770989436
1.057243014517707,-0.16442438250751978
1.0671248942819578,-0.16494452134036056
1.0770067740462086,-0.1559064314544398
1.0868886538104594,-0.14000738295926624
1.0967705335747102,-0.12389472059221535
1.106652413338961,-0.11942569858127493
1.1165342931032118,-0.10934249691235744
1.1264161728674627,-0.09589027618374002
1.1362980526317135,-0.08460591028293343
1.1461799323959643,-0.07634689204459967
1.156061812160215,-0.07346392732188067
1.165943691924466,-0.06472332411167407
1.1758255716887167,-0.05184228416483648
1.1857074514529675,-0.038948252978281916
1.1955893312172183,-0.034250399496302465
1.2054712109814691,-0.0330647946251268
1.21535309074572,-0.03189586397563466
1.2252349705099708,-0.031002392918545577
1.2351168502742216,-0.03783360937080637
1.2449987300384724,-0.038575667034282196
1.2548806098027232,-0.0282071616568838
1.264762489566974,-0.01958081319659196
1.2746443693312248,-0.012100561436750925
1.2845262490954756,-0.0078045923872662095
1.2944081288597264,-0.002764555709479212
1.3042900086239773,0.002638732780159036
1.314171888388228,0.004715018962851185
1.3240537681524789,0.006107219168783436
1.3339356479167297,0.00917648529571626
1.3438175276809805,0.010858000616633803
1.3536994074452313,0.011614332001383036
1.3635812872094821,0.012531193448501015
1.373463166973733,0.011287427420828366
1.3833450467379838,0.007676822700426534
1.3932269265022346,0.004226903838207412
1.4031088062664854,0.001826107446289186
1.4129906860307362,0.001122717066761614
1.422872565794987,0.0001264966517672553
1.4327544455592378,-0.001089705393428426
1.4426363253234886,0.0009511301528025539
1.4525182050877394,-0.0021159792869613514
1.4624000848519902,-0.0025920906240508267
1.472281964616241,-0.007217417182259436
1.4821638443804919,-0.007957060040914515
1.4920457241447427,-0.010968379236912447
1.5019276039089935,-0.00802796260875501
1.5118094836732443,-0.004590243755288844
1.5216913634374951,-0.006318948898805877
1.531573243201746,-0.008750756198617322
1.5414551229659967,-0.005232076238163166
1.5513370027302475,-0.0026191784736741123
1.5612188824944984,0.0013949671262446495
1.5711007622587492,0.009058670787409965
1.580982642023,0.017572578199372153
1.5908645217872508,0.023358825051938367
1.6007464015515016,0.028651751139452737
1.6106282813157524,0.034569483781357296
1.6205101610800032,0.0377631229179086
1.630392040844254,0.047209798250932605
1.6402739206085049,0.056636789048725836
1.6501558003727557,0.06168694140636664
1.6600376801370065,0.07335931343459715
1.6699195599012573,0.0845980696039127
1.679801439665508,0.08860089602526282
1.689683319429759,0.09682182586133838
1.6995651991940097,0.10585343986038974
1.7094470789582605,0.11676625389044451
1.7193289587225113,0.12458763569957247
1.7292108384867622,0.13325346077447903
1.739092718251013,0.13352179295253874
1.7489745980152638,0.1387320436071953
1.7588564777795146,0.14296295011669477
1.7687383575437654,0.1477633538090348
1.7786202373080162,0.1531904025396083
1.788502117072267,0.15896998661841868
1.7983839968365178,0.16313265244498207
1.8082658766007687,0.1673927869542831
1.8181477563650195,0.1697380274439378
1.8280296361292703,0.16311269084654165
1.837911515893521,0.15666392192090292
1.847793395657772,0.15496383005895603
1.8576752754220227,0.1580481850423158
1.8675571551862735,0.16175153701716205
1.8774390349505243,0.1684172726712227
1.8873209147147751,0.17147546795928587
1.897202794479026,0.16761578756840811
1.9070846742432768,0.1686991460754755
1.9169665540075276,0.1745747239026009
1.9268484337717784,0.17921203967120278
1.9367303135360292,0.18712111906013493
1.94661219330028,0.19838131232610495
1.9564940730645308,0.21333917208083258
1.9663759528287816,0.23124838483917048
1.9762578325930324,0.2426967164182173
1.9861397123572833,0.26031990949783945
1.996021592121534,0.26473402223291076
2.005903471885785,0.2660238234912333
2.015785351650036,0.262494015928965
2.0256672314142867,0.2612384153142895
2.0355491111785375,0.26270551080030613
2.0454309909427884,0.2583494115779267
2.055312870707039,0.2569452407351109
2.06519475047129,0.2521125185621463
2.075076630235541,0.24835774060723195
2.0849585099997916,0.24217847847699797
2.0948403897640424,0.23350370256252131
2.104722269528293,0.228328850268516
2.114604149292544,0.22351232944287458
2.124486029056795,0.2208610762387923
2.1343679088210457,0.22291214327054742
2.1442497885852965,0.21544069652500544
2.1541316683495473,0.21081884160347306
2.164013548113798,0.2089988508038792
2.173895427878049,0.2073196890047667
2.1837773076422997,0.2153242946676998
2.1936591874065505,0.2176514389248566
2.2035410671708013,0.22566226511394338
2.213422946935052,0.2276022117404923
2.223304826699303,0.2318840475167216
2.2331867064635538,0.2364623427486949
2.2430685862278046,0.2473477146312783
2.2529504659920554,0.2621679111513783
2.262832345756306,0.26745303634708023
2.272714225520557,0.2703205810970707
2.282596105284808,0.2722617614402894
2.2924779850490586,0.27541198861204896
2.3023598648133095,0.28157816603079805
2.3122417445775603,0.2664644053747573
2.322123624341811,0.2722526206059093
2.332005504106062,0.27877904372796575
2.3418873838703127,0.284239620812112
2.3517692636345635,0.28914055872855143
2.3616511433988143,0.2979899021496341
2.371533023163065,0.30320114422961075
2.381414902927316,0.3094428855539303
2.3912967826915668,0.31570105026660056
2.4011786624558176,0.32167764056094383
2.4110605422200684,0.33123493090663925
2.420942421984319,0.3349004149891227
2.43082430174857,0.33860289764638246
2.440706181512821,0.34357583727108193
2.4505880612770716,0.3462987921672002
2.4604699410413224,0.3491613101376481
2.4703518208055733,0.35213603323202
2.480233700569824,0.35851794373044665
2.490115580334075,0.3600294802371808
2.4999974600983257,0.35829957463254153
2.5098793398625765,0.35670047562576207
2.5197612196268273,0.36139676578061386
2.529643099391078,0.3625456698323521
2.539524979155329,0.3637043737276645
2.5494068589195797,0.3649426931286465
2.5592887386838306,0.3644902132708781
2.5691706184480814,0.3655546591376701
2.579052498212332,0.36547051511976075
2.588934377976583,0.36497396638543095
2.598816257740834,0.36572709369825096
2.6086981375050846,0.36949791410259925
2.6185800172693354,0.37489118214855394
2.6284618970335862,0.3823432474332433
2.638343776797837,0.3843968911431622
2.648225656562088,0.3831241395203309
2.6581075363263387,0.3849795331237502
2.6679894160905895,0.3910067916019004
2.6778712958548403,0.395208288205206
2.687753175619091,0.39987580025808556
2.697635055383342,0.40355189637092004
2.7075169351475927,0.39743580462121186
2.7173988149118435,0.39416357023619175
2.7272806946760944,0.39063439349392126
2.737162574440345,0.391733863213936
2.747044454204596,0.39143491734063307
2.756926333968847,0.39021116635567565
2.7668082137330976,0.385388613431807
2.7766900934973484,0.37967874979896205
2.7865719732615992,0.376328350758739
2.79645385302585,0.3765752856074414
2.806335732790101,0.3763609227080406
2.8162176125543517,0.3826024892727594
2.8260994923186025,0.3931617405144185
2.8359813720828533,0.3903365190690365
2.845863251847104,0.3863558378639588
2.855745131611355,0.38967224066615175
2.8656270113756057,0.3943624825161555
2.8755088911398565,0.39812699439668264
2.8853907709041073,0.4004813048141652
2.895272650668358,0.4049796630518475
2.905154530432609,0.41197582877669364
2.9150364101968598,0.4218829130552877
2.9249182899611106,0.4249261825802506
2.9348001697253614,0.42450741724061797
2.9446820494896118,0.42450737385107795
2.9545639292538626,0.4281277397190883
2.9644458090181134,0.43293624278501874
2.974327688782364,0.4305520530660565
2.984209568546615,0.4224553516693794
2.994091448310866,0.41129055920848784
3.0039733280751166,0.4067889786048512
3.0138552078393674,0.3990604035787226
3.0237370876036183,0.3886068433810441
3.033618967367869,0.38614851924494703
3.04350084713212,0.38342595804225676
3.0533827268963707,0.38656261521581037
3.0632646066606215,0.3870980154022854
3.0731464864248723,0.3900151403764894
3.083028366189123,0.3904911100600269
3.092910245953374,0.39114998846738797
3.1027921257176247,0.3887409523597474
3.1126740054818756,0.383731690791576
3.1225558852461264,0.37533273871805517
3.132437765010377,0.356550853002739
3.142319644774628,0.34802201950051403
3.152201524538879,0.3402300886275764
3.1620834043031296,0.32843065830271223
3.1719652840673804,0.3158597450378639
3.1818471638316312,0.30663301726363673
3.191729043595882,0.30442145815565347
3.201610923360133,0.31484635825323626
3.2114928031243837,0.32662012404356805
3.2213746828886345,0.3323691055458674
3.2312565626528853,0.33707172777881333
3.241138442417136,0.34433541870219114
3.251020322181387,0.3504081453595966
3.2609022019456377,0.3361042964195711
3.2707840817098885,0.3304458328152693
3.2806659614741394,0.3208422069401538
3.29054784123839,0.28038532014083895
3.300429721002641,0.27703476504213886
3.310311600766892,0.2811488568371488
3.3201934805311426,0.27433668135799044
3.3300753602953934,0.26524360212421333
3.3399572400596442,0.2760808164388409
3.349839119823895,0.2881658312830039
3.359720999588146,0.3018710500589033
3.3696028793523967,0.31118032289752257
3.3794847591166475,0.3204605415471713
3.3893666388808983,0.32959515685738977
3.399248518645149,0.33790649208596407
3.4091303984094,0.34690224040119194
3.4190122781736507,0.3572645186544261
3.4288941579379015,0.3633523604736137
3.4387760377021523,0.3721728010129642
3.448657917466403,0.38724167981113394
3.458539797230654,0.3988803492751962
3.468421676994905,0.40804710179096576
3.4783035567591556,0.41811027390615496
3.4881854365234064,0.4288658536159489
3.498067316287657,0.4411645370469031
3.507949196051908,0.4508315058535471
3.517831075816159,0.4586334523091409
3.5277129555804096,0.46264006634334626
3.5375948353446605,0.4649275683670734
3.5474767151089113,0.4666242062871403
3.557358594873162,0.47638518867193
3.567240474637413,0.49132562552600456
3.5771223544016637,0.5093244702892078
3.5870042341659145,0.5256389723623803
3.5968861139301653,0.5406933915578205
3.606767993694416,0.5563022945063818
3.616649873458667,0.5700491740545542
3.6265317532229178,0.5848889314032565
3.6364136329871686,0.5987814117373743
3.6462955127514194,0.6107286263166123
3.65617739251567,0.6227128200706848
3.666059272279921,0.6317614598498149
3.675941152044172,0.6435460421823709
3.6858230318084226,0.6558750749824148
3.6957049115726734,0.6670992265523206
3.7055867913369243,0.6763552194393444
3.715468671101175,0.6853392254277924
3.725350550865426,0.6937873091233389
3.7352324306296767,0.7018865297134276
3.7451143103939275,0.7115416442291108
3.7549961901581783,0.7242380631162737
3.764878069922429,0.7356469905128334
3.77475994968668,0.7445808860577259
3.7846418294509308,0.7534507835269018
3.7945237092151816,0.7607862910531069
3.8044055889794324,0.7667317560833837
3.814287468743683,0.7740072758065922
3.824169348507934,0.7729342990656787
3.834051228272185,0.7699707826273926
3.8439331080364356,0.7711838439699913
3.8538149878006864,0.7686378772533835
3.8636968675649372,0.7639903531977658
3.873578747329188,0.7593368071229739
3.883460627093439,0.7557860387047423
3.8933425068576897,0.7612312698985332
3.9032243866219405,0.7643564177542053
3.9131062663861913,0.7700245556936505
3.922988146150442,0.7772409106101912
3.932870025914693,0.7844400023503834
3.9427519056789437,0.7911730558535561
3.9526337854431945,0.7787432583105766
3.9625156652074454,0.7746604839541753
3.972397544971696,0.781170309883773
3.982279424735947,0.7952317571851828
3.992161304500198,0.8063356719159447
4.002043184264449,0.8084248699778065
4.011925064028699,0.8095697701352019
4.02180694379295,0.8108125665972347
4.031688823557201,0.8168630735900526
4.041570703321452,0.8232549594705597
4.051452583085703,0.8242086892502734
4.0613344628499535,0.830108502596473
4.071216342614204,0.8459674714083145
4.081098222378455,0.8630896354779222
4.090980102142706,0.870246090561339
4.100861981906957,0.8842003717626751
4.1107438616712075,0.9080172244288449
4.120625741435458,0.9275582616623412
4.130507621199709,0.9589683327832169
4.14038950096396,0.9636415574126307
4.150271380728211,0.9693451948699802
4.160153260492462,0.9748696702632282
4.170035140256712,0.9830336573266463
4.179917020020963,0.9957925154547024
4.189798899785214,1.002708108418403
4.199680779549465,1.009796636261876
4.209562659313716,1.0181696247771406
4.2194445390779665,1.0252661527652736
4.229326418842217,1.0341094041232508
4.239208298606468,1.049183505136438
4.249090178370719,1.0521203347613644
4.25897205813497,1.056822159723004
4.2688539378992205,1.0572567332850167
4.278735817663471,1.0571918143080885
4.288617697427722,1.0515978294394595
4.298499577191973,1.0455913624443507
4.308381456956224,1.0322685468156743
4.318263336720475,0.9978011042653878
4.328145216484725,0.9607002789192643
4.338027096248976,0.9221946992128596
4.347908976013227,0.9240076683596432
4.357790855777478,0.9284836845925866
4.367672735541729,0.9186223653222851
4.3775546153059794,0.901625442822486
4.38743649507023,0.8988655731287349
4.397318374834481,0.8993330328905265
4.407200254598732,0.9062884167965471
4.417082134362983,0.9182529826332418
4.4269640141272335,0.9236084875448486
4.436845893891484,0.9269540083371202
4.446727773655735,0.9319241993159744
4.456609653419986,0.9398164984903766
4.466491533184237,0.9345629249751461
4.476373412948488,0.9311228429516779
4.486255292712738,0.9179077584493164
4.496137172476989,0.9021674363862978
4.50601905224124,0.893085247952483
4.515900932005491,0.8874365938464117
4.525782811769742,0.8779138071738448
4.535664691533992,0.8709612226683783
4.545546571298243,0.8801858657495195
4.555428451062494,0.8799639864202664
4.565310330826745,0.8811727970584807
4.575192210590996,0.8720987368474632
4.5850740903552465,0.8620649183860521
4.594955970119497,0.8610859498066744
4.604837849883748,0.8620886308994864
4.614719729647999,0.8643438631871215
4.62460160941225,0.864018834732875
4.6344834891765005,0.86240919257942
4.644365368940751,0.8702524408933164
4.654247248705002,0.8776025616787549
4.664129128469253,0.8846314154046052
4.674011008233504,0.8921234574900644
4.683892887997755,0.8982835108970949
4.693774767762005,0.9060893465010748
4.703656647526256,0.9123540564620615
4.713538527290507,0.9187439807299117
4.723420407054758,0.9254322595416272
4.733302286819009,0.9304161999250032
4.7431841665832595,0.9367074992759895
4.75306604634751,0.9388588444167149
4.762947926111761,0.9415529425480216
4.772829805876012,0.9449665700160299
4.782711685640263,0.9504423300547555
4.7925935654045135,0.9511399221089839
4.802475445168764,0.9563438730267804
4.812357324933015,0.9531390894871351
4.822239204697266,0.9530447574041092
4.832121084461517,0.9532116054756129
4.842002964225768,0.9518859199720517
4.851884843990018,0.9507103967567229
4.861766723754269,0.9479368075869956
4.87164860351852,0.9458128375733905
4.881530483282771,0.9455927514585247
4.891412363047022,0.94369361307915
4.9012942428112725,0.9409200571479357
4.911176122575523,0.9390984400170668
4.921058002339774,0.9499895229009742
4.930939882104025,0.9602555128997118
4.940821761868276,0.9716593972996339
4.9507036416325265,0.9806654790056378
4.960585521396777,0.9888331845424133
4.970467401161028,0.9959646539151243
4.980349280925279,1.0031224592477017
4.99023116068953,1.0107615341337084
5.000113040453781,1.017606635972979
5.009994920218031,1.0241541880960983
5.019876799982282,1.0291482523189233
5.029758679746533,1.0339061416502362
5.039640559510784,1.0379376849191506
5.049522439275035,1.0414794330278045
5.0594043190392854,1.0448824912558907
5.069286198803536,1.047603232987795
5.079168078567787,1.0497572943492086
5.089049958332038,1.05230665176244
5.098931838096289,1.053491898051871
5.1088137178605395,1.052969114834448
5.11869559762479,1.054017003872526
5.128577477389041,1.0540119940260098
5.138459357153292,1.0536052596755674
5.148341236917543,1.0529563398629969
5.158223116681794,1.0514727494458467
5.168104996446044,1.0494621758255493
5.177986876210295,1.046695430332923
5.187868755974546,1.0444620669186835
5.197750635738797,1.0430313372733369
5.207632515503048,1.0535894352381223
5.217514395267298,1.063416795617158
5.227396275031549,1.0731391837172493
5.2372781547958,1.079795122761782
5.247160034560051,1.0840748288944173
5.257041914324302,1.086434807333401
5.2669237940885525,1.0866733511790818
5.276805673852803,1.0914941646062275
5.286687553617054,1.0982482392531094
5.296569433381305,1.1060129703913546
5.306451313145556,1.1076944716564336
5.3163331929098065,1.1124353319772609
5.326215072674057,1.116908407449982
5.336096952438308,1.1196226892995935
5.345978832202559,1.1141906277835754
5.35586071196681,1.116266833030779
5.365742591731061,1.0973744910174155
5.375624471495311,1.0645653669190362
5.385506351259562,1.0769162302862039
5.395388231023813,1.0904226483387565
5.405270110788064,1.0938287341630917
5.415151990552315,1.089173597140629
5.4250338703165655,1.0890497800355248
5.434915750080816,1.103769061796657
5.444797629845067,1.1251593353900864
5.454679509609318,1.1334772607917256
5.464561389373569,1.1314753545431868
5.4744432691378195,1.1275170294939358
5.48432514890207,1.1239567017154144
5.494207028666321,1.1228145435490695
5.504088908430572,1.1182480925814815
5.513970788194823,1.103101128039969
5.523852667959074,1.0839398697369313
5.533734547723324,1.0762446094540228
5.543616427487575,1.065326807392151
5.553498307251826,1.0545201149210777
5.563380187016077,1.0567886913078606
5.573262066780328,1.0701429769679103
5.5831439465445785,1.0620815215206076
5.593025826308829,1.06158813764924
5.60290770607308,1.0383175811840568
5.612789585837331,1.0298451184543598
5.622671465601582,1.0197758556235283
5.6325533453658325,1.0092383545779802
5.642435225130083,1.0034034392775677
5.652317104894334,1.0075361193724668
5.662198984658585,1.0068386591458625
5.672080864422836,0.9999793582854636
5.681962744187087,0.9790583404901027
5.691844623951337,0.959363189943743
5.701726503715588,0.9450450340301095
5.711608383479839,0.9370097595036109
5.72149026324409,0.9451725158073708
5.731372143008341,0.9523647070689233
5.7412540227725914,0.9632616465965864
5.751135902536842,0.9770707911767613
5.761017782301093,0.9940147453609514
5.770899662065344,1.0116156942594916
5.780781541829595,1.02815239364326
5.7906634215938455,1.0407554280339235
5.800545301358096,1.04947643839447
5.810427181122347,1.0449111827418007
5.820309060886598,0.980913030238994
5.830190940650849,0.9646721448574475
5.8400728204151,0.9749494673309024
5.84995470017935,0.9855213465285152
5.859836579943601,1.0074757078394965
5.869718459707852,1.0271071782039878
5.879600339472103,1.049958464332142
5.889482219236354,1.0713421742436167
5.899364099000604,1.0915085866270946
5.909245978764855,1.1107277460396903
5.919127858529106,1.1289521334900128
5.929009738293357,1.1449797826815968
5.938891618057608,1.160136568998758
5.9487734978218585,1.1713854404955775
5.958655377586109,1.1845732338519404
5.96853725735036,1.1952084923081903
5.978419137114611,1.208903182400009
5.988301016878862,1.224300017583398
5.9981828966431125,1.2330424739720178
6.008064776407363,1.2375898253800515
6.017946656171614,1.240531147136566
6.027828535935865,1.238637076335905
6.037710415700116,1.2378180794798084
6.047592295464367,1.2472655685004064
6.057474175228617,1.2577482241444682
6.067356054992868,1.2646627410004139
6.077237934757119,1.2705859205589174
6.08711981452137,1.2739945140575564
6.097001694285621,1.2688116448783764
6.1068835740498715,1.2785389480067788
6.116765453814122,1.2984874427206181
6.126647333578373,1.3126727283497406
6.136529213342624,1.3302454925775444
6.146411093106875,1.3450502212147775
6.1562929728711255,1.3584471335734964
6.166174852635376,1.3725884358998333
6.176056732399627,1.3837666650699898
6.185938612163878,1.3904640765566807
6.195820491928129,1.4001205315179355
6.20570237169238,1.4098545256136639
6.21558425145663,1.4174499710737007
6.225466131220881,1.4267783659559936
6.235348010985132,1.4338218583598408
6.245229890749383,1.4391106338500035
6.255111770513634,1.4469294461556381
6.2649936502778845,1.4562922852820432
6.274875530042135,1.4640291452237875
6.284757409806386,1.469199770310342
6.294639289570637,1.4736896998439766
6.304521169334888,1.4781240098190562
6.3144030490991385,1.4850710104391318
6.324284928863389,1.4936457714396818
6.33416680862764,1.5106348831876995
6.344048688391891,1.5281889310269183
6.353930568156142,1.5374195392298904
6.363812447920393,1.5471065983800758
6.373694327684643,1.550081136050852
6.383576207448894,1.5510322646425745
6.393458087213145,1.5622984215670508
6.403339966977396,1.5796648697488171
6.413221846741647,1.5915339685307621
6.4231037265058974,1.5923429875152209
6.432985606270148,1.5902311657309183
6.442867486034399,1.5889142848790505
6.45274936579865,1.575738534253176
6.462631245562901,1.5710676583538055
6.4725131253271515,1.568591451350058
6.482395005091402,1.5673971059788583
6.492276884855653,1.5655526533932838
6.502158764619904,1.563129145025048
6.512040644384155,1.5614375794938031
6.521922524148406,1.558703610698061
6.531804403912656,1.5553064090847526
6.541686283676907,1.5499744036814447
6.551568163441158,1.549123896465572
6.561450043205409,1.551426382419204
6.57133192296966,1.5557882685202702
6.58121380273391,1.5561357060711154
6.591095682498161,1.5611142480407438
6.600977562262412,1.5649174044318928
6.610859442026663,1.5782033723222184
6.620741321790914,1.5797962098538996
6.6306232015551645,1.5795454186181916
6.640505081319415,1.5794974332690688
6.650386961083666,1.5741647814839688
6.660268840847917,1.57744243989118
6.670150720612168,1.5776983321407134
6.6800326003764186,1.581649240960499
6.689914480140669,1.5812972623753432
6.69979635990492,1.5802193010101788
6.709678239669171,1.579755474424033
6.719560119433422,1.5831221808470235
6.729441999197673,1.5907813852531014
6.739323878961923,1.6034302425395626
6.749205758726174,1.6168005044772027
6.759087638490425,1.627381570750764
6.768969518254676,1.6264603219704445
6.778851398018927,1.6375654825816814
6.7887332777831775,1.6472247487140863
6.798615157547428,1.6548081547511517
6.808497037311679,1.6636789746159668
6.81837891707593,1.6696950386070344
6.828260796840181,1.6777230628092974
6.8381426766044315,1.6865934373275244
6.848024556368682,1.6921573501126097
6.857906436132933,1.6987969356861685
6.867788315897184,1.7053616944314587
6.877670195661435,1.7109049506556713
6.887552075425686,1.7204992232378429
6.897433955189936,1.732686607940892
6.907315834954187,1.744414850583408
6.917197714718438,1.7553852157897227
6.927079594482689,1.7661022521841032
6.93696147424694,1.7712070321756364
6.94684335401119,1.7720201310708703
6.95672523377544,1.778543581948411
6.966607113539691,1.7760276319655204
6.976488993303942,1.77491135286697
6.986370873068193,1.7702795684594277
6.996252752832444,1.7676920035692498
7.0061346325966944,1.7634243078930654
7.016016512360945,1.7599844354955894
7.025898392125196,1.7562106177067625
7.035780271889447,1.7558455698553874
7.045662151653698,1.7572085269986346
7.0555440314179485,1.7592709435298892
7.065425911182199,1.767453560894498
7.07530779094645,1.7853789361303256
7.085189670710701,1.8000435851888423
7.095071550474952,1.8173818567484508
7.104953430239203,1.8301221863234267
7.114835310003453,1.8402527460160534
7.124717189767704,1.8524444103170243
7.134599069531955,1.8606661397444413
7.144480949296206,1.869236428146959
7.154362829060457,1.8785414745397855
7.164244708824707,1.8879098684146194
7.174126588588958,1.8949591808787816
7.184008468353209,1.9029521751214773
7.19389034811746,1.902328402723243
7.203772227881711,1.904267703683404
7.2136541076459615,1.9119122361040315
7.223535987410212,1.9165074822955577
7.233417867174463,1.9265810480494352
7.243299746938714,1.9334333894038938
7.253181626702965,1.945526532130812
7.2630635064672155,1.9442878452971633
7.272945386231466,1.956041315770065
7.282827265995717,1.9714558721683704
7.292709145759968,1.9850366317816195
7.302591025524219,2.0010715745077454
7.31247290528847,2.015081198414814
7.32235478505272,2.027264084794247
7.332236664816971,2.034646258597529
7.342118544581222,2.0293415655962472
7.352000424345473,2.0289347354883063
7.361882304109724,2.019091898005116
7.3717641838739745,2.0223235474123444
7.381646063638225,2.0309349339668143
7.391527943402476,2.031945325930586
7.401409823166727,2.041521378981879
7.411291702930978,2.050650497115506
7.4211735826952285,2.0535117449028317
7.431055462459479,2.0613643796845373
7.44093734222373,2.0824148696924794
7.450819221987981,2.0994765126254435
7.460701101752232,2.114542893356804
7.470582981516483,2.11955452023154
7.480464861280733,2.1227053792281443
7.490346741044984,2.12950853370683
7.500228620809235,2.1245565647519324
7.510110500573486,2.1304190465936954
7.519992380337737,2.1459668932799607
7.5298742601019875,2.1616559382506932
7.539756139866238,2.1732982955163123
7.549638019630489,2.194680783147474
7.55951989939474,2.225340794700903
7.569401779158991,2.2494908000070764
7.5792836589232415,2.2680083004500418
7.589165538687492,2.2791232670296675
7.599047418451743,2.310144845420868
7.608929298215994,2.3388967524451973
7.618811177980245,2.353971748352958
7.628693057744496,2.3635954582146907
7.638574937508746,2.375043262395461
7.648456817272997,2.406835009273504
7.658338697037248,2.4308299266517395
7.668220576801499,2.458287991125092
7.67810245656575,2.4877470467760068
7.6879843363300004,2.512840291111667
7.697866216094251,2.5242624561035507
7.707748095858502,2.5338179132508607
7.717629975622753,2.536056663024999
7.727511855387004,2.5405791036834025
7.7373937351512545,2.5425731679599535
7.747275614915505,2.55652300378435
7.757157494679756,2.5747492363456725
7.767039374444007,2.5893180068048025
7.776921254208258,2.582486113208875
7.786803133972509,2.558936272041453
7.796685013736759,2.522351991989017
7.80656689350101,2.5245421995050354
7.816448773265261,2.533103950138526
7.826330653029512,2.5433603706407664
7.836212532793763,2.5518049384432873
7.846094412558013,2.559127462017885
7.855976292322264,2.5660021082092492
7.865858172086515,2.5719054540675095
7.875740051850766,2.5733588367050544
7.885621931615017,2.580769953681178
7.8955038113792675,2.5890958908858175
7.905385691143518,2.592172671926733
7.915267570907769,2.5969920469828742
7.92514945067202,2.6001803394894627
7.935031330436271,2.603679218496111
7.9449132102005215,2.6055933331472403
7.954795089964772,2.6062692327827546
7.964676969729023,2.6095170892179924
7.974558849493274,2.605155332000794
7.984440729257525,2.600934570416716
7.994322609021776,2.6037933617094264
8.004204488786026,2.6041736501115533
8.014086368550277,2.6048107750991023
8.023968248314528,2.605361173702132
8.033850128078779,2.6127272467106937
8.04373200784303,2.619805575759008
8.05361388760728,2.6233535585352477
8.063495767371531,2.6184666538613617
8.073377647135782,2.612785253265511
8.083259526900033,2.6025722006516814
8.093141406664284,2.603696906102048
8.103023286428535,2.609607690464778
8.112905166192785,2.6109809637031693
8.122787045957036,2.613568514874747
8.132668925721287,2.6166380711375976
8.142550805485538,2.6157103774253163
8.152432685249789,2.607480278696727
8.16231456501404,2.6099899702070557
8.17219644477829,2.6106869453730432
8.182078324542541,2.6112910553828153
8.191960204306792,2.6092640087332755
8.201842084071043,2.61008666751449
8.211723963835293,2.6105069997901422
8.221605843599544,2.6109604239801603
8.231487723363795,2.613139325546058
8.241369603128046,2.614581843113087
8.251251482892297,2.6179023358603013
8.261133362656548,2.62136752841819
8.271015242420798,2.6208203571791873
8.28089712218505,2.6214004519520726
8.2907790019493,2.619737203561884
8.30066088171355,2.6178761481895543
8.310542761477802,2.6224551090421113
8.320424641242052,2.6236099629609355
8.330306521006303,2.6218515579360204
8.340188400770554,2.6249064431872147
8.350070280534805,2.627579494258366
8.359952160299056,2.632392787950907
8.369834040063306,2.6412507725320555
8.379715919827557,2.647917782177018
8.389597799591808,2.6581369539088544
8.399479679356059,2.6690264949479
8.40936155912031,2.6798291069398092
8.41924343888456,2.69001408630359
8.429125318648811,2.6993803523415556
8.439007198413062,2.705214821982006
8.448889078177313,2.7304265750470558
8.458770957941564,2.7491660663313313
8.468652837705815,2.756704773211518
8.478534717470065,2.7624481867376023
8.488416597234316,2.772315641342221
8.498298476998567,2.781461024418181
8.508180356762818,2.7899617088261666
8.518062236527069,2.793638295112711
8.52794411629132,2.7827035303446106
8.53782599605557,2.788597589576515
8.547707875819821,2.797945696776764
8.557589755584072,2.7995416704526797
8.567471635348323,2.818199076846101
8.577353515112573,2.856624572180179
8.587235394876824,2.8978545724011706
8.597117274641075,2.9275395012035976
8.606999154405326,2.9562885075134098
8.616881034169577,2.9743924735310303
8.626762913933828,3.0003730900300885
8.636644793698078,3.0045692036581784
8.64652667346233,2.9616979518510176
8.65640855322658,2.928064996440042
8.66629043299083,2.9269229649195347
8.676172312755082,2.9240720466303696
8.686054192519332,2.9233522470000937
8.695936072283583,2.919694068774646
8.705817952047834,2.915610875382502
8.715699831812085,2.905910296734276
8.725581711576336,2.8983601027283097
8.735463591340586,2.8906998992303508
8.745345471104837,2.8827825259011366
8.755227350869088,2.880375211070904
8.765109230633339,2.876675907078456
8.77499111039759,2.876414915847136
8.78487299016184,2.8734179542637284
8.794754869926091,2.873098439154672
8.804636749690342,2.8813565182996626
8.814518629454593,2.878216950877899
8.824400509218844,2.8803566819180175
8.834282388983095,2.891606290196191
8.844164268747345,2.898640078011486
8.854046148511596,2.9159099748090243
8.863928028275847,2.962712143323342
8.873809908040098,2.982632225483693
8.883691787804349,2.9831381142197295
8.8935736675686,3.0040443334347104
8.90345554733285,3.019160331068195
8.913337427097101,3.031680826079302
8.923219306861352,3.040939306581849
8.933101186625603,3.0449166319999317
8.942983066389854,3.049756308243717
8.952864946154104,3.0642684070807777
8.962746825918355,3.1007734979125106
8.972628705682606,3.1300440342621334
8.982510585446857,3.1665909854380194
8.992392465211108,3.1973649438177043
9.002274344975358,3.2274825690984086
9.01215622473961,3.253548341145793
9.02203810450386,3.2785472477224005
9.03191998426811,3.299657260090968
9.041801864032362,3.322740077368073
9.051683743796612,3.339264744147663
9.061565623560863,3.353507555037401
9.071447503325114,3.3732429531483907
9.081329383089365,3.3799572292404223
9.091211262853616,3.385909858062638
9.101093142617867,3.3973136176455574
9.110975022382117,3.40566986255727
9.120856902146368,3.3930351810264736
9.130738781910619,3.3921627512704933
9.14062066167487,3.40183518963752
9.15050254143912,3.4212749134978653
9.160384421203371,3.4317103848725674
9.170266300967622,3.4316103770766735
9.180148180731873,3.4372226742690417
9.190030060496124,3.445159901162856
9.199911940260375,3.45325844491667
9.209793820024625,3.459005642851478
9.219675699788876,3.4588744324564376
9.229557579553127,3.463478306188677
9.239439459317378,3.4677280289794368
9.249321339081629,3.4737761107555998
9.25920321884588,3.4838032924965168
9.26908509861013,3.489431543322916
9.278966978374381,3.4795739434252417
9.288848858138632,3.4685605653816562
9.298730737902883,3.441009221882706
9.308612617667134,3.4387364233202167
9.318494497431384,3.4328032048195327
9.328376377195635,3.4298640670772444
9.338258256959886,3.4222093621861975
9.348140136724137,3.4298769215042735
9.358022016488388,3.4432968401086606
9.367903896252638,3.460147458967434
9.37778577601689,3.468516925633943
9.38766765578114,3.4770063798638278
9.39754953554539,3.4883415021966773
9.407431415309642,3.495251031919223
9.417313295073892,3.4992966140504325
9.427195174838143,3.5245050006611334
9.437077054602394,3.5397496219567324
9.446958934366645,3.544863904043263
9.456840814130896,3.567887679159807
9.466722693895147,3.6007412584120146
9.476604573659397,3.6095701307857264
9.486486453423648,3.6211235959120227
9.496368333187899,3.632970596424558
9.50625021295215,3.6451649025151722
9.5161320927164,3.6552743322864116
9.526013972480651,3.6650400406287784
9.535895852244902,3.672776826735477
9.545777732009153,3.675555569165772
9.555659611773404,3.684802170751019
9.565541491537655,3.6904627871479283
9.575423371301905,3.692912511814247
9.585305251066156,3.6970638356306402
9.595187130830407,3.7023315680104507
9.605069010594658,3.713192608118336
9.614950890358909,3.7372961086562073
9.62483277012316,3.7550347661954278
9.63471464988741,3.7716061025827643
9.644596529651661,3.786610354411911
9.654478409415912,3.8035368515164865
9.664360289180163,3.817989403963461
9.674242168944414,3.8313169254937653
9.684124048708664,3.843922549606166
9.694005928472915,3.8558189532869913
9.703887808237166,3.867009371222874
9.713769688001417,3.875642934945824
9.723651567765668,3.885699785650766
9.733533447529918,3.8954645368780665
9.74341532729417,3.9038075883205106
9.75329720705842,3.911217302802515
9.76317908682267,3.9172864719676563
9.773060966586922,3.924323100400109
9.782942846351173,3.9328798005192267
9.792824726115423,3.941942068212255
9.802706605879674,3.9693596231679873
9.812588485643925,3.991669613841964
9.822470365408176,4.012551616127411
9.832352245172427,4.048217094368703
9.842234124936677,4.058117386087915
9.852116004700928,4.072152981885587
9.861997884465179,4.095653945395886
9.87187976422943,4.108075056190334
9.88176164399368,4.131452241084162
9.891643523757931,4.136466618805553
9.901525403522182,4.14222969193893
9.911407283286433,4.148944710824017
9.921289163050684,4.150820449194564
9.931171042814935,4.1506494951949655
9.941052922579185,4.159612871528033
9.950934802343436,4.173715698172992
9.960816682107687,4.178156024919047
9.970698561871938,4.181661896565434
9.980580441636189,4.185289818949139
9.99046232140044,4.194313342083836
10.00034420116469,4.199531089213841
10.010226080928941,4.202973258628596
10.020107960693192,4.207991228721589
10.029989840457443,4.207270959688974
10.039871720221694,4.198876449451185
10.049753599985944,4.174649446378846
10.059635479750195,4.186663791961635
10.069517359514446,4.1991574829833045
10.079399239278697,4.212986933206622
10.089281119042948,4.226634257934734
10.099162998807198,4.239735442433441
10.10904487857145,4.251259842204334
10.1189267583357,4.260161947552001
10.128808638099951,4.269356971754255
10.138690517864202,4.277781768395295
10.148572397628453,4.283467055201595
10.158454277392703,4.29627686521685
10.168336157156954,4.301238712531958
10.178218036921205,4.311563219966156
10.188099916685456,4.326087550902142
10.197981796449707,4.336422646461598
10.207863676213957,4.348001191371829
10.217745555978208,4.358767489304205
10.227627435742459,4.366950843799031
10.23750931550671,4.368601914196739
10.24739119527096,4.376661678396669
10.257273075035211,4.3949889762656795
10.267154954799462,4.40356832414461
10.277036834563713,4.409933584688692
10.286918714327964,4.412673158130839
10.296800594092215,4.409196707985591
10.306682473856466,4.414421394987813
10.316564353620716,4.418024337393773
10.326446233384967,4.423339315239104
10.336328113149218,4.430718854408652
10.346209992913469,4.432133832389744
10.35609187267772,4.433122537283138
10.36597375244197,4.417225144209813
10.375855632206221,4.413840724985496
10.385737511970472,4.3957540091369856
10.395619391734723,4.383888783096209
10.405501271498974,4.379832772995799
10.415383151263224,4.380839892932606
10.425265031027475,4.4083610334454
10.435146910791726,4.432503942444553
10.445028790555977,4.439139732266789
10.454910670320228,4.4493927267574955
10.464792550084479,4.452860826167489
10.47467442984873,4.424995423148331
10.48455630961298,4.360014426183512
10.494438189377231,4.369907672609262
10.504320069141482,4.378791223910963
10.514201948905733,4.384077210329229
10.524083828669983,4.393839293960958
10.533965708434234,4.398308979524909
10.543847588198485,4.395476395822567
10.553729467962736,4.379322187590093
10.563611347726987,4.376024632632751
10.573493227491237,4.379850166144432
10.583375107255488,4.384721282120528
10.593256987019739,4.386737289097036
10.60313886678399,4.387881040638667
10.61302074654824,4.397563430082239
10.622902626312491,4.405851089550056
10.632784506076742,4.405712577177194
10.642666385840993,4.4113224782259985
10.652548265605244,4.423146610430613
10.662430145369495,4.434786845957622
10.672312025133746,4.4434688818402535
10.682193904897996,4.454741059416109
10.692075784662247,4.465848238398832
10.701957664426498,4.480447084813016
10.711839544190749,4.494385283541714
10.721721423955,4.49632538407649
10.73160330371925,4.491142766130772
10.741485183483501,4.493505427883765
10.751367063247752,4.525363483495406
10.761248943012003,4.5451370714020936
10.771130822776254,4.549873189048351
10.781012702540504,4.553341067226742
10.790894582304755,4.558737262760937
10.800776462069006,4.556732136403343
10.810658341833257,4.550018386885601
10.820540221597508,4.537963999623048
10.830422101361759,4.527872995335321
10.84030398112601,4.50716912337593
10.85018586089026,4.498318343715313
10.860067740654511,4.4757374100444265
10.869949620418762,4.44588128760869
10.879831500183013,4.437961061035218
10.889713379947263,4.442310664399589
10.899595259711514,4.445969422995905
10.909477139475765,4.457321945284557
10.919359019240016,4.466292212264034
10.929240899004267,4.474906411305784
10.939122778768517,4.488203169737617
10.949004658532768,4.4943036222237875
10.958886538297019,4.505194517695948
10.96876841806127,4.522342739544521
10.97865029782552,4.538731121320397
10.988532177589772,4.546905191804641
10.998414057354022,4.538161532643309
11.008295937118273,4.539669180767177
11.018177816882524,4.532112938827341
11.028059696646775,4.529305843741081
11.037941576411026,4.5265796082930505
11.047823456175276,4.520352504325691
11.057705335939527,4.518930058430534
11.067587215703778,4.522315305182051
11.077469095468029,4.576744234623858
11.08735097523228,4.612634625130421
11.09723285499653,4.600263421772911
11.107114734760781,4.605962776512354
11.116996614525032,4.57784325233967
11.126878494289283,4.54013642378915
11.136760374053534,4.546404899151007
11.146642253817785,4.550042218578903
11.156524133582035,4.54282122759554
11.166406013346286,4.530263682232191
11.176287893110537,4.527256503685576
11.186169772874788,4.524514925344181
11.196051652639039,4.526501822458997
11.20593353240329,4.530421726538201
11.21581541216754,4.527917396437291
11.225697291931791,4.5299443327286495
11.235579171696042,4.52865363761006
11.245461051460293,4.527108609775097
11.255342931224543,4.5134695129287286
11.265224810988794,4.514142575844394
11.275106690753045,4.530296410303779
11.284988570517296,4.532778507549777
11.294870450281547,4.536794666243955
11.304752330045797,4.537470716279049
11.314634209810048,4.537581862200584
11.3245160895743,4.537212791085013
11.33439796933855,4.536223147835464
11.3442798491028,4.535053601163055
11.354161728867052,4.535177106384464
11.364043608631302,4.541029429245769
11.373925488395553,4.545586078343984
11.383807368159804,4.549353963271583
11.393689247924055,4.552493723482969
11.403571127688306,4.556323282203896
11.413453007452556,4.559421429229316
11.423334887216807,4.561851537671647
11.433216766981058,4.563394901019812
11.443098646745309,4.564372371892305
11.45298052650956,4.56645343762254
11.46286240627381,4.570962652172648
11.472744286038061,4.575524977816759
11.482626165802312,4.575480468949
11.492508045566563,4.578125097970298
11.502389925330814,4.602465124381102
11.512271805095065,4.611902471124811
11.522153684859315,4.634496659926989
11.532035564623566,4.709689813981163
11.541917444387817,4.758654745598483
11.551799324152068,4.77546170940711
11.561681203916319,4.795981195443102
11.57156308368057,4.808435218146893
11.58144496344482,4.806667881638182
11.591326843209071,4.802407370261948
11.601208722973322,4.797485283576173
11.611090602737573,4.796119300303451
11.620972482501823,4.79627061780534
11.630854362266074,4.79253740775645
11.640736242030325,4.791473391044546
11.650618121794576,4.795391524205389
11.660500001558827,4.794517342497357
11.670381881323078,4.7961418449733015
11.680263761087328,4.801794606268709
11.69014564085158,4.804447482143857
11.70002752061583,4.804818971327643
11.70990940038008,4.804639471420147
11.719791280144332,4.802554255979443
11.729673159908582,4.803952846268473
11.739555039672833,4.805462128036252
11.749436919437084,4.808425470590663
11.759318799201335,4.809916113170006
11.769200678965586,4.809205806258485
11.779082558729836,4.812549078619921
11.788964438494087,4.794739441012239
11.798846318258338,4.812025954237125
11.808728198022589,4.824194401989317
11.81861007778684,4.841900511835456
11.82849195755109,4.855207363902902
11.838373837315341,4.861862461488265
11.848255717079592,4.868096043659681
11.858137596843843,4.88057312908065
11.868019476608094,4.874414247519462
11.877901356372345,4.863834423306373
11.887783236136595,4.872238795571574
11.897665115900846,4.8767960952759974
11.907546995665097,4.879898834758678
11.917428875429348,4.880170733836006
11.927310755193599,4.889911044538814
11.93719263495785,4.877564665814534
11.9470745147221,4.8898707788130995
11.956956394486351,4.90574170490218
11.966838274250602,4.92309970720167
11.976720154014853,4.933227169139988
11.986602033779103,4.938366314901134
11.996483913543354,4.940830736406882
12.006365793307605,4.9409070079529815
12.016247673071856,4.9372898279866595
12.026129552836107,4.910350746191924
12.036011432600358,4.884307295711122
12.045893312364608,4.890361431759049
12.05577519212886,4.900485844098735
12.06565707189311,4.909226513402026
12.07553895165736,4.917081194325372
12.085420831421612,4.925752425721343
12.095302711185862,4.9322569553284525
12.105184590950113,4.938840026506967
12.115066470714364,4.958380574828612
12.124948350478615,4.969951189111437
12.134830230242866,4.977245372676027
12.144712110007116,4.98505350389139
12.154593989771367,4.989075661729993
12.164475869535618,4.983245584271761
12.174357749299869,4.966466243731263
12.18423962906412,4.951899819947849
12.19412150882837,4.94536099923884
12.204003388592621,4.933477056155546
12.213885268356872,4.911367601468212
12.223767148121123,4.898001598917389
12.233649027885374,4.890632091913792
12.243530907649625,4.888103771655744
12.253412787413875,4.882253440446423
12.263294667178126,4.876221645341228
12.273176546942377,4.876040138312651
12.283058426706628,4.869808245660495
12.292940306470879,4.870741503651646
12.30282218623513,4.879258086860538
12.31270406599938,4.860977687515604
12.322585945763631,4.859047438886331
12.332467825527882,4.866543662198564
12.342349705292133,4.907118751160392
12.352231585056384,4.945444778270936
12.362113464820634,4.941741194257756
12.371995344584885,4.940578605222512
12.381877224349136,4.951314050025013
12.391759104113387,4.962805436853301
12.401640983877638,4.972593208076225
12.411522863641888,4.974283062607414
12.42140474340614,4.964937970913892
12.43128662317039,4.9564799082604445
12.44116850293464,4.950944485378035
12.451050382698892,4.9456900592389355
12.460932262463142,4.939729208476969
12.470814142227393,4.949090721076461
12.480696021991644,4.943165409520652
12.490577901755895,4.937562783199951
12.500459781520146,4.939145634925567
12.510341661284397,4.935426376136477
12.520223541048647,4.946030095720175
12.530105420812898,4.935694759571207
12.539987300577149,4.930947509592256
12.5498691803414,4.9341679557858305
12.55975106010565,4.954272004662587
12.569632939869901,4.988571875820942
12.579514819634152,4.998921423067905
12.589396699398403,5.002503717014447
12.599278579162654,4.999750124358295
12.609160458926905,4.934212762530363
12.619042338691155,4.921330665583858
12.628924218455406,4.922052822312584
12.638806098219657,4.919576305457607
12.648687977983908,4.916736712453657
12.658569857748159,4.9123691395622595
12.66845173751241,4.909806278587246
12.67833361727666,4.901470618705679
12.688215497040911,4.8943355633406345
12.698097376805162,4.882139665779249
12.707979256569413,4.868349297737541
12.717861136333664,4.858038769451839
12.727743016097914,4.86390692073371
12.737624895862165,4.869013726982615
12.747506775626416,4.871947837166455
12.757388655390667,4.867481724987093
12.767270535154918,4.863565887434646
12.777152414919168,4.864135677456909
12.78703429468342,4.850973597857904
12.79691617444767,4.843013422844961
12.80679805421192,4.834491726781928
12.816679933976172,4.812199541249005
12.826561813740422,4.807325112109025
12.836443693504673,4.8025533579026165
12.846325573268924,4.805075555209944
12.856207453033175,4.8087741981988446
12.866089332797426,4.810651803105583
12.875971212561677,4.824835484076985
12.885853092325927,4.875763083214954
12.895734972090178,4.906331514335903
12.905616851854429,4.9045193455972935
12.91549873161868,4.910079658021118
12.92538061138293,4.911128432968404
12.935262491147181,4.913691172486286
12.945144370911432,4.914153402986048
12.955026250675683,4.91739778085259
12.964908130439934,4.920717919119942
12.974790010204185,4.9264131676009315
12.984671889968435,4.995824298593194
12.994553769732686,5.027247333420032
13.004435649496937,5.038835845285211
13.014317529261188,5.048506198925044
13.024199409025439,5.069366320577888
13.03408128878969,5.071853147761315
13.04396316855394,5.092427237882399
13.053845048318191,5.091206944547001
13.063726928082442,5.091434895918574
13.073608807846693,5.0890056707915985
13.083490687610944,5.082367282802367
13.093372567375194,5.076261276183369
13.103254447139445,5.06973525528681
13.113136326903696,5.0549861683007515
13.123018206667947,5.046034384308564
13.132900086432198,5.03064444941884
13.142781966196448,5.019910277767592
13.1526638459607,5.008314824662338
13.16254572572495,4.985520775629555
13.1724276054892,4.981266813115011
13.182309485253452,4.97701801033688
13.192191365017703,4.97116915958233
13.202073244781953,4.9678649243939
13.211955124546204,4.959567843421255
13.221837004310455,4.951338403778896
13.231718884074706,4.9466363986873505
13.241600763838957,4.9436615981720635
13.251482643603207,4.89603232655247
13.261364523367458,4.838787662181388
13.271246403131709,4.8325102064642
13.28112828289596,4.830024229478749
13.29101016266021,4.828016210742467
13.300892042424461,4.827537575205807
13.310773922188712,4.827073807769283
13.320655801952963,4.836748657917432
13.330537681717214,4.836611134461431
13.340419561481465,4.834785794151401
13.350301441245715,4.834551862952595
13.360183321009966,4.852348388877494
13.370065200774217,4.844297921433045
13.379947080538468,4.840288690643469
13.389828960302719,4.835636711350107
13.39971084006697,4.829287314531285
13.40959271983122,4.802710049996832
13.419474599595471,4.8016883180211005
13.429356479359722,4.803392152266914
13.439238359123973,4.807296937808596
13.449120238888224,4.811603244171526
13.459002118652474,4.832079207519422
13.468883998416725,4.846766158126044
13.478765878180976,4.890137138945209
13.488647757945227,4.93768140014408
13.498529637709478,4.947263209420982
13.508411517473728,4.9764550797796385
13.51829339723798,5.010005317046013
13.52817527700223,5.029986321017181
13.538057156766481,5.045943390962407
13.547939036530732,5.060748597126636
13.557820916294983,5.076635751194969
13.567702796059233,5.097209130442197
13.577584675823484,5.132215025779168
13.587466555587735,5.198058762342065
13.597348435351986,5.2677374447413055
13.607230315116237,5.251706281007781
13.617112194880487,5.235281554625243
13.626994074644738,5.197183502206955
13.636875954408989,5.1742268368796065
13.64675783417324,5.167804018614853
13.65663971393749,5.17525218872311
13.666521593701741,5.2230629061354605
13.676403473465992,5.234086056990977
13.686285353230243,5.2355142795731195
13.696167232994494,5.2520833364346515
13.706049112758745,5.253161439970574
13.715930992522996,5.229601889908302
13.725812872287246,5.201563427820856
13.735694752051497,5.199161882818589
13.745576631815748,5.195967728407391
13.755458511579999,5.195219729998999
13.76534039134425,5.203439562387476
13.7752222711085,5.17789345583151
13.785104150872751,5.168515119200328
13.794986030637002,5.175724329322747
13.804867910401253,5.195663730854043
13.814749790165504,5.223668601364209
13.824631669929754,5.231390691223697
13.834513549694005,5.23485519476645
13.844395429458256,5.227650593939794
13.854277309222507,5.203275740419386
13.864159188986758,5.200116892426515
13.874041068751009,5.195780866606886
13.88392294851526,5.177181876273271
13.89380482827951,5.143469529635835
13.903686708043761,5.140964239694379
13.913568587808012,5.146517048574716
13.923450467572263,5.152084968345505
13.933332347336513,5.156382305537771
13.943214227100764,5.1571819039768085
13.953096106865015,5.139914087918219
13.962977986629266,5.092161633997532
13.972859866393517,5.052152781379128
13.982741746157767,5.032838776840307
13.992623625922018,5.016675998439218
14.002505505686269,4.990002429425968
14.01238738545052,4.974023862782381
14.02226926521477,4.953809188802652
14.032151144979021,4.958919826420466
14.042033024743272,4.961418446742811
14.051914904507523,4.961770829024521
14.061796784271774,4.962931528010256
14.071678664036025,4.965631958098329
14.081560543800276,4.964334886999833
14.091442423564526,4.960254340473428
14.101324303328777,4.936321293806188
14.111206183093028,4.9310039378493675
14.121088062857279,4.929974982485368
14.13096994262153,4.9300666731121705
14.14085182238578,4.937784409661915
14.150733702150031,4.957795635354375
14.160615581914282,4.930130470226625
14.170497461678533,4.926821530684235
14.180379341442784,4.926563913178882
14.190261221207034,4.926414788707435
14.200143100971285,4.925438311331866
14.210024980735536,4.924938900922033
14.219906860499787,4.917528793437058
14.229788740264038,4.918140714630578
14.239670620028289,4.917421886880404
14.24955249979254,4.886304310717205
14.25943437955679,4.875275985099767
14.269316259321041,4.878441006923814
14.279198139085292,4.897031038348943
14.289080018849543,4.924078991143313
14.298961898613793,4.945433901453795
14.308843778378044,4.960794150883184
14.318725658142295,4.962657602432261
14.328607537906546,4.981790849958161
14.338489417670797,5.001331400180104
14.348371297435047,5.025917490370138
14.358253177199298,5.049124249002479
14.368135056963549,5.071169422196637
14.3780169367278,5.091481921453314
14.38789881649205,5.088989921263021
14.397780696256302,5.084417592265854
14.407662576020552,5.084091835264935
14.417544455784803,5.098829845900982
14.427426335549054,5.097817026793186
14.437308215313305,5.076471827855482
14.447190095077556,5.072076383793859
14.457071974841806,5.080368053662228
14.466953854606057,5.0781350847750035
14.476835734370308,5.068064479477597
14.486717614134559,5.04939255569602
14.49659949389881,5.036658074295272
14.50648137366306,5.02201169168645
14.516363253427311,5.010634483965806
14.526245133191562,5.003485364915864
14.536127012955813,4.997126714141152
14.546008892720064,5.0112419538855315
14.555890772484315,5.0051116358143215
14.565772652248565,4.997151260715723
14.575654532012816,4.990399770761739
14.585536411777067,4.984649747785293
14.595418291541318,4.976512060457783
14.605300171305569,4.97341267147877
14.61518205106982,4.9705267812837235
14.62506393083407,4.966965388468249
14.634945810598321,4.960560954376225
14.644827690362572,4.950783400277216
14.654709570126823,4.941976534733124
14.664591449891073,4.92926462825617
14.674473329655324,4.923134004013682
14.684355209419575,4.918814153788115
14.694237089183826,4.9148162045897
14.704118968948077,4.9058829491897535
14.714000848712327,4.8982012862426725
14.723882728476578,4.8897761033733165
14.73376460824083,4.882587617186861
14.74364648800508,4.874472349215514
14.75352836776933,4.847425516202791
14.763410247533582,4.848454322265765
14.773292127297832,4.8458896110323595
14.783174007062083,4.838609143741083
14.793055886826334,4.8361676803794404
14.802937766590585,4.876842338926321
14.812819646354836,4.895134246865327
14.822701526119086,4.905911990678597
14.832583405883337,4.906313885411046
14.842465285647588,4.903644310382042
14.852347165411839,4.904448816275259
14.86222904517609,4.901373833101927
14.87211092494034,4.898999965952767
14.881992804704591,4.898316237057499
14.891874684468842,4.897991998997293
14.901756564233093,4.898567534212228
14.911638443997344,4.903446472044124
14.921520323761595,4.908093479084406
14.931402203525845,4.91201258187878
14.941284083290096,4.910134573186457
14.951165963052613,4.912206695556073
14.961047842815088,4.908839717884565
14.970929722577562,4.909680546657788
14.980811602340037,4.908528487968141
14.990693482102511,4.908929681770115
15.000575361864986,4.931309862159114
15.01045724162746,4.968023496745418
15.020339121389934,5.0195968731957015
15.030221001152409,5.029637088392067
15.040102880914883,4.9953438313274905
15.049984760677358,4.985283115105366
15.059866640439832,4.9830711895892055
15.069748520202307,4.977028711120899
15.079630399964781,4.968979138040572
15.089512279727256,4.968685874956492
15.09939415948973,4.972467865961614
15.109276039252205,4.97559714589775
15.119157919014679,4.994260415216737
15.129039798777153,5.009871145425431
15.138921678539628,5.019353420849019
15.148803558302102,5.029372964140624
15.158685438064577,5.0263905264264
15.168567317827051,5.031818070786914
15.178449197589526,5.035281759393557
15.188331077352,5.0193555654240924
15.198212957114475,5.014616465409812
15.208094836876949,5.016349630692949
15.217976716639424,5.016760066140548
15.227858596401898,5.017478321863459
15.237740476164372,5.022967780073475
15.247622355926847,5.0274782482777045
15.257504235689321,5.023439668790628
15.267386115451796,5.015177905052164
15.27726799521427,5.011642616339571
15.287149874976745,5.011042559016061
15.29703175473922,5.00920662701039
15.306913634501694,5.008878961683846
15.316795514264168,5.00173111241064
15.326677394026643,5.001974677624794
15.336559273789117,5.002140089070255
15.346441153551591,4.995213737074236
15.356323033314066,4.989592217304795
15.36620491307654,4.984853168635346
15.376086792839015,4.98364523814948
15.38596867260149,4.9975021347616355
15.395850552363964,4.997247075312984
15.405732432126438,4.999793652994529
15.415614311888913,5.000254176059985
15.425496191651387,5.010054335448644
15.435378071413862,5.005401900945646
15.445259951176336,5.01131136023737
15.45514183093881,5.010948285979338
15.465023710701285,5.0087163223573
15.47490559046376,5.001990748426403
15.484787470226234,4.975932967212115
15.494669349988708,4.96174321573908
15.504551229751183,4.959345652689084
15.514433109513657,4.946788373120405
15.524314989276132,4.940228396856558
15.534196869038606,4.931481259629225
15.54407874880108,4.914146390063459
15.553960628563555,4.877840517353821
15.56384250832603,4.838368802601432
15.573724388088504,4.841348208925792
15.583606267850978,4.860858003200401
15.593488147613453,4.875823773205765
15.603370027375927,4.884996409140281
15.613251907138402,4.891111731029619
15.623133786900876,4.903914651243355
15.63301566666335,4.917917162697586
15.642897546425825,4.932821326989333
15.6527794261883,4.946041342039387
15.662661305950774,4.95970101599908
15.672543185713248,4.969580796108535
15.682425065475723,4.981847400186903
15.692306945238197,4.991825251040494
15.702188825000672,5.001757148174578
15.712070704763146,5.011631905570021
15.72195258452562,5.020082723985218
15.731834464288095,5.0272778807867615
15.74171634405057,5.039151866320601
15.751598223813044,5.048155458415243
15.761480103575519,5.0623392205747715
15.771361983337993,5.0789517334557654
15.781243863100467,5.094867562418874
15.791125742862942,5.110842031946105
15.801007622625416,5.116890592446247
15.81088950238789,5.112380383751928
15.820771382150365,5.101128414028192
15.83065326191284,5.076028208261942
15.840535141675314,5.068366007022897
15.850417021437789,5.063027341868175
15.860298901200263,5.0571848943690085
15.870180780962738,5.0523935094574295
15.880062660725212,5.048327611716297
15.889944540487686,5.0398183971867585
15.899826420250161,5.038097186883988
15.909708300012635,5.0371838631521255
15.91959017977511,5.034441030183413
15.929472059537584,5.024833713319038
15.939353939300059,4.98913222755433
15.949235819062533,4.905467752723343
15.959117698825008,4.873566542850493
15.968999578587482,4.861572680801647
15.978881458349957,4.8676676653503685
15.988763338112431,4.8780085259442165
15.998645217874907,4.883831671274351
16.00852709763738,4.8965234007416285
16.018408977399854,4.932139352173449
16.02829085716233,4.967345602043586
16.038172736924803,4.986997625057256
16.048054616687278,5.007248794275062
16.057936496449752,5.024657828121319
16.067818376212227,5.052554850858735
16.0777002559747,5.0611752952729985
16.087582135737176,5.074410039695892
16.09746401549965,5.07784574280715
16.107345895262124,5.082296325683242
16.1172277750246,5.084282640419708
16.127109654787073,5.086726531236036
16.136991534549548,5.0917408935612976
16.146873414312022,5.096134929016216
16.156755294074497,5.100486740068036
16.16663717383697,5.100380907025179
16.176519053599446,5.103157494729413
16.18640093336192,5.108123779732613
16.196282813124395,5.110151008809301
16.20616469288687,5.1289033282233865
16.216046572649343,5.124019813520279
16.225928452411818,5.120069204536452
16.235810332174292,5.126997757806303
16.245692211936767,5.149686846237226
16.25557409169924,5.183934481773973
16.265455971461716,5.219332334130585
16.27533785122419,5.261144098326141
16.285219730986665,5.265130723256887
16.29510161074914,5.26491489639731
16.304983490511614,5.265352278276841
16.314865370274088,5.265420907998959
16.324747250036562,5.265181342018158
16.334629129799037,5.264930086297282
16.34451100956151,5.265143031876483
16.354392889323986,5.26564439922083
16.36427476908646,5.266168698334426
16.374156648848935,5.266815518359897
16.38403852861141,5.264850184408804
16.393920408373884,5.248846802516893
16.403802288136358,5.2100043729671555
16.413684167898833,5.2277221963253915
16.423566047661307,5.239404324709373
16.43344792742378,5.243572282919224
16.443329807186256,5.251099119658144
16.45321168694873,5.255210274130535
16.463093566711205,5.260742389968929
16.47297544647368,5.267890070865385
16.482857326236154,5.275428326414792
16.492739205998628,5.280200067302679
16.502621085761103,5.284833786353441
16.512502965523577,5.29050705046944
16.52238484528605,5.295083026402525
16.532266725048526,5.29299085154873
16.542148604811,5.289937985144124
16.552030484573475,5.283591356245797
16.56191236433595,5.276715927537839
16.571794244098424,5.276310082795514
16.5816761238609,5.275020336824414
16.591558003623373,5.273242266651459
16.601439883385847,5.253059565963903
16.61132176314832,5.251764922695589
16.621203642910796,5.2618423261697815
16.63108552267327,5.271063819841705
16.640967402435745,5.269745168361602
16.65084928219822,5.268190244345391
16.660731161960694,5.26715334405964
16.67061304172317,5.266808759191655
16.680494921485643,5.264705501967945
16.690376801248117,5.259526152514874
16.70025868101059,5.263748409319235
16.710140560773066,5.263859943381373
16.72002244053554,5.264218559100861
16.729904320298015,5.264899949565799
16.73978620006049,5.265555474000668
16.749668079822964,5.2663906690953795
16.75954995958544,5.267122233400041
16.769431839347913,5.268234279951978
16.779313719110387,5.269389900446057
16.789195598872862,5.270904268383279
16.799077478635336,5.265727504754093
16.80895935839781,5.255238333243419
16.818841238160285,5.2535591166785975
16.82872311792276,5.261192132274722
16.838604997685234,5.264855204394584
16.84848687744771,5.265545134052045
16.858368757210183,5.283226122832912
16.868250636972657,5.288084867340893
16.878132516735132,5.282536640057645
16.888014396497606,5.2806171338346966
16.89789627626008,5.331728681861721
16.907778156022555,5.326362915733535
16.91766003578503,5.321399612734144
16.927541915547504,5.2485208005783015
16.93742379530998,5.174431533040352
16.947305675072453,5.181155972985605
16.957187554834928,5.183006888754126
16.967069434597402,5.194156138258287
16.976951314359876,5.209909881777306
16.98683319412235,5.226096124072153
16.996715073884825,5.2403375393602145
17.0065969536473,5.253935590647454
17.016478833409774,5.265891221352059
17.02636071317225,5.267476306231488
17.036242592934723,5.26683612456029
17.046124472697198,5.26646654666773
17.056006352459672,5.266167761962364
17.065888232222147,5.2661991120766585
17.07577011198462,5.26624216069068
17.085651991747095,5.2664830743401705
17.09553387150957,5.264448101624228
17.105415751272044,5.2670261519119945
17.11529763103452,5.267535854079729
17.125179510796993,5.26761886017557
17.135061390559468,5.268673233209732
17.144943270321942,5.269740269818999
17.154825150084417,5.271030950448146
17.16470702984689,5.272427228394193
17.174588909609366,5.273396082788716
17.18447078937184,5.274722898695013
17.194352669134314,5.275955400297962
17.20423454889679,5.277079079907199
17.214116428659263,5.278756500475582
17.223998308421738,5.280651371974001
17.233880188184212,5.282889043815284
17.243762067946687,5.284718323067556
17.25364394770916,5.287150893163765
17.263525827471636,5.290148447401179
17.27340770723411,5.291676801489696
17.283289586996585,5.289332868561334
17.29317146675906,5.2866144900721235
17.303053346521533,5.283842674576853
17.312935226284008,5.281568334333898
17.322817106046482,5.279115959928235
17.332698985808957,5.276991148800499
17.34258086557143,5.275071272406093
17.352462745333906,5.272642149052477
17.36234462509638,5.270816966086389
17.372226504858855,5.269582385766001
17.38210838462133,5.26839584259657
17.391990264383804,5.267048404834255
17.401872144146278,5.266021120288128
17.411754023908752,5.265252170890336
17.421635903671227,5.264822410280234
17.4315177834337,5.264032623536704
17.441399663196176,5.2633435743167105
17.45128154295865,5.260093785782323
17.461163422721125,5.257935164031128
17.4710453024836,5.256981171161505
17.480927182246074,5.260969304534696
17.490809062008548,5.262260089941965
17.500690941771023,5.255275549873169
17.510572821533497,5.2387748575431985
17.52045470129597,5.232880272839137
17.530336581058446,5.226743711181056
17.54021846082092,5.21865981641412
17.550100340583395,5.2056419278461945
17.55998222034587,5.1846989607962986
17.569864100108344,5.070069765651504
17.579745979870818,5.075390262967871
17.589627859633293,5.079164621435485
17.599509739395767,5.082693480982814
17.60939161915824,5.079102092568198
17.619273498920716,5.078199052348245
17.62915537868319,5.072985992109099
17.639037258445665,5.072352083915171
17.64891913820814,5.0700836665287605
17.658801017970614,5.072785771080841
17.66868289773309,5.076877756049223
17.678564777495563,5.0786576265708305
17.688446657258037,5.082270166905163
17.69832853702051,5.080542704339347
17.708210416782986,5.073168669510975
17.71809229654546,5.057118347964863
17.727974176307935,5.040328970319779
17.73785605607041,5.047904867987682
17.747737935832884,5.049103040305032
17.75761981559536,5.04736117847564
17.767501695357833,5.043532265009029
17.777383575120307,5.046565728881943
17.78726545488278,5.040741544876508
17.797147334645256,5.037116832027714
17.80702921440773,5.034907167386324
17.816911094170205,5.032427074098359
17.82679297393268,5.030842531469147
17.836674853695154,5.029611707051951
17.84655673345763,5.030828587320915
17.856438613220103,5.032701220501036
17.866320492982577,5.037046512667581
17.876202372745052,5.053382959066393
17.886084252507526,5.055376286349173
17.89596613227,5.049932100284426
17.905848012032475,5.044850597166538
17.91572989179495,5.042719704452714
17.925611771557424,5.0301776534823555
17.9354936513199,5.010965502324971
17.945375531082373,5.014999930904636
17.955257410844847,5.027300532324315
17.965139290607322,5.036237136168073
17.975021170369796,5.0452891106005815
17.98490305013227,5.059035284226822
17.994784929894745,5.062227995026012
18.00466680965722,5.057286988925229
18.014548689419694,5.049579307069263
18.02443056918217,5.041932944632637
18.034312448944643,5.036069831109388
18.044194328707118,5.031016688113337
18.054076208469592,5.024223860464094
18.063958088232067,5.020657169839957
18.07383996799454,5.01870539016241
18.083721847757015,5.01715972657544
18.09360372751949,5.015218725207552
18.103485607281964,5.013371285810344
18.11336748704444,5.0124913790219185
18.123249366806913,5.013530257967016
18.133131246569388,5.010219660684458
18.143013126331862,5.012526659756341
18.152895006094337,5.017849203178641
18.16277688585681,5.026294884733535
18.172658765619286,5.0209519954843715
18.18254064538176,4.979842048371446
18.192422525144234,4.956878747419882
18.20230440490671,4.934047436606895
18.212186284669183,4.909415808475783
18.222068164431658,4.915766762301059
18.231950044194132,4.919844988492283
18.241831923956607,4.920758689003219
18.25171380371908,4.920091057365254
18.261595683481556,4.897982321337413
18.27147756324403,4.902155189403479
18.281359443006505,4.907455381411804
18.29124132276898,4.906955193511441
18.301123202531453,4.897525398670382
18.311005082293928,4.885979131871177
18.320886962056402,4.862513400974849
18.330768841818877,4.850981708709451
18.34065072158135,4.840600104892912
18.350532601343826,4.818472678561648
18.3604144811063,4.821352839868197
18.370296360868775,4.84652572447096
18.38017824063125,4.866359049194398
18.390060120393724,4.87829175070958
18.399942000156198,4.879231503701474
18.409823879918672,4.879645263484852
18.419705759681147,4.882228083602133
18.42958763944362,4.899823382923867
18.439469519206096,4.89777663018082
18.44935139896857,4.89576296006796
18.459233278731045,4.886843176790808
18.46911515849352,4.887901311874391
18.478997038255994,4.918075344006395
18.488878918018468,4.9244605813086375
18.498760797780943,4.931279347618724
18.508642677543417,4.94050670459795
18.51852455730589,4.943117802834555
18.528406437068366,4.9450940492557445
18.53828831683084,4.945672813564008
18.548170196593315,4.9538847865924875
18.55805207635579,4.967472002667005
18.567933956118264,4.971774998163838
18.577815835880738,4.973611102504965
18.587697715643213,4.970036054002096
18.597579595405687,4.971643492504787
18.60746147516816,4.978043357000061
18.617343354930636,4.986817880355042
18.62722523469311,4.992386860805185
18.637107114455585,4.998267000195116
18.64698899421806,5.006135060313049
18.656870873980534,5.010126901182055
18.66675275374301,5.017502830737485
18.676634633505483,5.031733995164922
18.686516513267957,5.039980291473814
18.69639839303043,5.044677374328158
18.706280272792906,5.048596774474428
18.71616215255538,5.054454099225432
18.726044032317855,5.060279182860615
18.73592591208033,5.061831696684618
